Date,0
2021-05-20 00:00:00+08:00,1.0
2021-05-21 00:00:00+08:00,1.0035068364688142
2021-05-24 00:00:00+08:00,0.9865575077079795
2021-05-25 00:00:00+08:00,1.0035068364688142
2021-05-26 00:00:00+08:00,0.9918176481596707
2021-05-27 00:00:00+08:00,0.9918176481596707
2021-05-28 00:00:00+08:00,1.0029222113886382
2021-05-31 00:00:00+08:00,1.0748100739687256
2021-06-01 00:00:00+08:00,1.157600484792093
2021-06-02 00:00:00+08:00,1.1381228839188458
2021-06-03 00:00:00+08:00,1.0909043259970903
2021-06-04 00:00:00+08:00,1.0838215308836738
2021-06-07 00:00:00+08:00,1.0236179437969302
2021-06-08 00:00:00+08:00,1.0366029729619184
2021-06-09 00:00:00+08:00,1.01948637996083
2021-06-10 00:00:00+08:00,1.1676343969312952
2021-06-11 00:00:00+08:00,1.2207550746530924
2021-06-15 00:00:00+08:00,1.2484959174500703
2021-06-16 00:00:00+08:00,1.1906532239839553
2021-06-17 00:00:00+08:00,1.2183941810324637
2021-06-18 00:00:00+08:00,1.3163725230553875
2021-06-21 00:00:00+08:00,1.4922612685713006
2021-06-22 00:00:00+08:00,1.4763250081289963
2021-06-23 00:00:00+08:00,1.5129193162548622
2021-06-24 00:00:00+08:00,1.5371188186208973
2021-06-25 00:00:00+08:00,1.5866981559117512
2021-06-28 00:00:00+08:00,1.672281577923314
2021-06-29 00:00:00+08:00,1.6935298490120327
2021-06-30 00:00:00+08:00,1.6840861602779877
2021-07-01 00:00:00+08:00,1.7649476807967628
2021-07-02 00:00:00+08:00,1.7814742788957543
2021-07-05 00:00:00+08:00,1.7230414762760125
2021-07-06 00:00:00+08:00,1.7059247690233938
2021-07-07 00:00:00+08:00,1.946738888867308
2021-07-08 00:00:00+08:00,1.9331635220456325
2021-07-09 00:00:00+08:00,1.8800428443238355
2021-07-12 00:00:00+08:00,1.9071934637156562
2021-07-13 00:00:00+08:00,1.993957218286003
2021-07-14 00:00:00+08:00,1.9231298384094908
2021-07-15 00:00:00+08:00,2.10610126478729
2021-07-16 00:00:00+08:00,2.155090492924517
2021-07-19 00:00:00+08:00,2.149188030369885
2021-07-20 00:00:00+08:00,2.1426953444100953
2021-07-21 00:00:00+08:00,2.288482353508402
2021-07-22 00:00:00+08:00,2.5074579788584397
2021-07-23 00:00:00+08:00,2.6077973287535228
2021-07-26 00:00:00+08:00,2.744730758271411
2021-07-27 00:00:00+08:00,2.483848814149092
2021-07-28 00:00:00+08:00,2.394723937455056
2021-07-29 00:00:00+08:00,2.843299437951022
2021-07-30 00:00:00+08:00,2.766569252765287
2021-08-02 00:00:00+08:00,2.6620983390341038
2021-08-03 00:00:00+08:00,2.4289573519602934
2021-08-04 00:00:00+08:00,2.708136450145545
2021-08-05 00:00:00+08:00,2.901732240570764
2021-08-06 00:00:00+08:00,2.959574819785349
2021-08-09 00:00:00+08:00,2.8928788894934065
2021-08-10 00:00:00+08:00,2.9637061551183885
2021-08-11 00:00:00+08:00,2.8763521771428846
2021-08-12 00:00:00+08:00,2.7376480774095246
2021-08-13 00:00:00+08:00,2.684527056933137
2021-08-16 00:00:00+08:00,2.678034599476408
2021-08-17 00:00:00+08:00,2.542871840173991
2021-08-18 00:00:00+08:00,2.5275258031368444
2021-08-19 00:00:00+08:00,2.6255042594112985
2021-08-20 00:00:00+08:00,2.594812185337004
2021-08-23 00:00:00+08:00,2.750632992322983
2021-08-24 00:00:00+08:00,2.8332654115602898
2021-08-25 00:00:00+08:00,3.1950769289828482
2021-08-26 00:00:00+08:00,3.1283807701878454
2021-08-27 00:00:00+08:00,3.1755990996065404
2021-08-30 00:00:00+08:00,3.6471937699097574
2021-08-31 00:00:00+08:00,3.5840389515456974
2021-09-01 00:00:00+08:00,3.395165176864796
2021-09-02 00:00:00+08:00,3.668442040998476
2021-09-03 00:00:00+08:00,3.5025869791187048
2021-09-06 00:00:00+08:00,3.451827080766006
2021-09-07 00:00:00+08:00,3.550985983850775
2021-09-08 00:00:00+08:00,3.257051072033533
2021-09-09 00:00:00+08:00,3.3024989597398173
2021-09-10 00:00:00+08:00,3.330239688285265
2021-09-13 00:00:00+08:00,3.0616846113928426
2021-09-14 00:00:00+08:00,3.0622750633010605
2021-09-15 00:00:00+08:00,3.242295258401543
2021-09-16 00:00:00+08:00,2.936555649978098
2021-09-17 00:00:00+08:00,2.9040931341913927
2021-09-22 00:00:00+08:00,2.987905771735954
2021-09-23 00:00:00+08:00,3.0268609734824485
2021-09-24 00:00:00+08:00,3.16733597193434
2021-09-27 00:00:00+08:00,3.07703064842999
2021-09-28 00:00:00+08:00,2.8852057567233027
2021-09-29 00:00:00+08:00,2.972559963201867
2021-09-30 00:00:00+08:00,3.1720577591755976
2021-10-08 00:00:00+08:00,2.941867889127573
2021-10-11 00:00:00+08:00,2.8598259217984836
2021-10-12 00:00:00+08:00,2.967837947457549
2021-10-13 00:00:00+08:00,3.3750971240833314
2021-10-14 00:00:00+08:00,3.4665831229010564
2021-10-15 00:00:00+08:00,3.5208843616846983
2021-10-18 00:00:00+08:00,3.8000632313668894
2021-10-19 00:00:00+08:00,3.7522544500399766
2021-10-20 00:00:00+08:00,3.9830350004992794
2021-10-21 00:00:00+08:00,3.792390327099846
2021-10-22 00:00:00+08:00,3.7091679129604422
2021-10-25 00:00:00+08:00,3.947620682177607
2021-10-26 00:00:00+08:00,3.975361410723055
2021-10-27 00:00:00+08:00,4.206142189685418
2021-10-28 00:00:00+08:00,4.260443199965999
2021-10-29 00:00:00+08:00,4.632288972282351
2021-11-01 00:00:00+08:00,4.378489252015798
2021-11-02 00:00:00+08:00,4.3483871728436
2021-11-03 00:00:00+08:00,4.112885520652221
2021-11-04 00:00:00+08:00,4.124689988755365
2021-11-05 00:00:00+08:00,4.118788211709914
2021-11-08 00:00:00+08:00,4.289364375321761
2021-11-09 00:00:00+08:00,4.095178361491385
2021-11-10 00:00:00+08:00,4.016087968194203
2021-11-11 00:00:00+08:00,4.127050882375993
2021-11-12 00:00:00+08:00,4.348978081757939
2021-11-15 00:00:00+08:00,4.189615934341017
2021-11-16 00:00:00+08:00,4.040877351210804
2021-11-17 00:00:00+08:00,4.274608561689772
2021-11-18 00:00:00+08:00,4.399737751607576
2021-11-19 00:00:00+08:00,4.8388699061240885
2021-11-22 00:00:00+08:00,4.806406933331262
2021-11-23 00:00:00+08:00,4.641141637850527
2021-11-24 00:00:00+08:00,4.318286464689765
2021-11-25 00:00:00+08:00,4.084554340198556
2021-11-26 00:00:00+08:00,4.2380147105700265
2021-11-29 00:00:00+08:00,4.305890630666163
2021-11-30 00:00:00+08:00,4.327139130257941
2021-12-01 00:00:00+08:00,4.20142040244416
2021-12-02 00:00:00+08:00,4.023760643958186
2021-12-03 00:00:00+08:00,4.233883375236987
2021-12-06 00:00:00+08:00,4.148889376869869
2021-12-07 00:00:00+08:00,4.312973768534169
2021-12-08 00:00:00+08:00,4.449316974646901
2021-12-09 00:00:00+08:00,4.4965357610717165
2021-12-10 00:00:00+08:00,4.798143348652941
2021-12-13 00:00:00+08:00,5.036006351471069
2021-12-14 00:00:00+08:00,4.8860877785366625
2021-12-15 00:00:00+08:00,4.850673917221111
2021-12-16 00:00:00+08:00,4.9380283522027355
2021-12-17 00:00:00+08:00,4.762139492435292
2021-12-20 00:00:00+08:00,4.312383316625952
2021-12-21 00:00:00+08:00,4.537851399432719
2021-12-22 00:00:00+08:00,4.446366086124175
2021-12-23 00:00:00+08:00,4.664751031062935
2021-12-24 00:00:00+08:00,4.432790262296378
2021-12-27 00:00:00+08:00,4.371406571153911
2021-12-28 00:00:00+08:00,4.601005989293718
2021-12-29 00:00:00+08:00,4.534900510909993
2021-12-30 00:00:00+08:00,4.465844144003543
2021-12-31 00:00:00+08:00,4.667702833597902
2022-01-04 00:00:00+08:00,4.2710672212588285
2022-01-05 00:00:00+08:00,3.9552942719538318
2022-01-06 00:00:00+08:00,4.101081052549078
2022-01-07 00:00:00+08:00,3.977132309441587
2022-01-10 00:00:00+08:00,3.8242628479844543
2022-01-11 00:00:00+08:00,3.7168408172274856
2022-01-12 00:00:00+08:00,3.8520040335360237
2022-01-13 00:00:00+08:00,3.8295746301278086
2022-01-14 00:00:00+08:00,4.037336467785981
2022-01-17 00:00:00+08:00,3.9871663358323195
2022-01-18 00:00:00+08:00,3.980674106878651
2022-01-19 00:00:00+08:00,3.980083654970433
2022-01-20 00:00:00+08:00,3.8939101238052434
2022-01-21 00:00:00+08:00,3.9694596336776042
2022-01-24 00:00:00+08:00,4.16777698284102
2022-01-25 00:00:00+08:00,4.093407919778974
2022-01-26 00:00:00+08:00,4.287003481701133
2022-01-27 00:00:00+08:00,4.053862723130383
2022-01-28 00:00:00+08:00,3.9399480064136245
2022-02-07 00:00:00+08:00,3.980083654970433
2022-02-08 00:00:00+08:00,3.553937100876561
2022-02-09 00:00:00+08:00,3.5810878345199115
2022-02-10 00:00:00+08:00,3.3851309219710033
2022-02-11 00:00:00+08:00,3.3455854968193517
2022-02-14 00:00:00+08:00,3.4211352351947726
2022-02-15 00:00:00+08:00,3.5073089948630227
2022-02-16 00:00:00+08:00,3.5167525693455377
2022-02-17 00:00:00+08:00,3.6554568975819577
2022-02-18 00:00:00+08:00,3.5763658187755936
2022-02-21 00:00:00+08:00,3.4860604952712433
2022-02-22 00:00:00+08:00,3.7528449019481944
2022-02-23 00:00:00+08:00,3.876793416552625
2022-02-24 00:00:00+08:00,4.015497059279864
2022-02-25 00:00:00+08:00,4.261623189770193
2022-02-28 00:00:00+08:00,4.572675265846174
2022-03-01 00:00:00+08:00,4.459940995939729
2022-03-02 00:00:00+08:00,4.585070185857535
2022-03-03 00:00:00+08:00,4.50834022917486
2022-03-04 00:00:00+08:00,4.431610272492185
2022-03-07 00:00:00+08:00,4.330680927695005
2022-03-08 00:00:00+08:00,4.330680927695005
2022-03-09 00:00:00+08:00,4.289954827229979
2022-03-10 00:00:00+08:00,4.3560607626198244
2022-03-11 00:00:00+08:00,4.20142040244416
2022-03-14 00:00:00+08:00,4.177811009231752
2022-03-15 00:00:00+08:00,4.207322179489611
2022-03-16 00:00:00+08:00,4.292316177856729
2022-03-17 00:00:00+08:00,4.031433776728289
2022-03-18 00:00:00+08:00,4.06507719633143
2022-03-21 00:00:00+08:00,4.027301984389128
2022-03-22 00:00:00+08:00,3.9063050438166047
2022-03-23 00:00:00+08:00,3.9057145919083873
2022-03-24 00:00:00+08:00,3.8502331348174916
2022-03-25 00:00:00+08:00,3.611779451588085
2022-03-28 00:00:00+08:00,3.5875802919766406
2022-03-29 00:00:00+08:00,3.6105992332808308
2022-03-30 00:00:00+08:00,3.6466033180015396
2022-03-31 00:00:00+08:00,3.487241170584618
2022-04-01 00:00:00+08:00,3.5462641966095174
2022-04-06 00:00:00+08:00,3.3107620874120176
2022-04-07 00:00:00+08:00,3.0976886961135515
2022-04-08 00:00:00+08:00,3.046928797760853
2022-04-11 00:00:00+08:00,2.9619357134059774
2022-04-12 00:00:00+08:00,2.9560334793544056
2022-04-13 00:00:00+08:00,2.8875668788469917
2022-04-14 00:00:00+08:00,2.8657281558500554
2022-04-15 00:00:00+08:00,2.855694129459323
2022-04-18 00:00:00+08:00,3.192125583454002
2022-04-19 00:00:00+08:00,3.1407756901992068
2022-04-20 00:00:00+08:00,3.043977680735067
2022-04-21 00:00:00+08:00,2.8663183792552127
2022-04-22 00:00:00+08:00,2.7494527740157286
2022-04-25 00:00:00+08:00,2.5954024087421614
2022-04-26 00:00:00+08:00,2.6077973287535228
2022-04-27 00:00:00+08:00,2.8149682574973567
2022-04-28 00:00:00+08:00,2.8793032941686705
2022-04-29 00:00:00+08:00,3.0091540428246724
2022-05-05 00:00:00+08:00,3.0847037812000937
2022-05-06 00:00:00+08:00,3.0020713619627863
2022-05-09 00:00:00+08:00,3.138414796578578
2022-05-10 00:00:00+08:00,3.21573497666641
2022-05-11 00:00:00+08:00,3.3095816406017033
2022-05-12 00:00:00+08:00,3.2936453801593992
2022-05-13 00:00:00+08:00,3.3078109703862317
2022-05-16 00:00:00+08:00,3.1478585995641533
2022-05-17 00:00:00+08:00,3.3544393049028303
2022-05-18 00:00:00+08:00,3.5905314090024265
2022-05-19 00:00:00+08:00,3.7634691517440837
2022-05-20 00:00:00+08:00,3.7410404338450505
2022-05-23 00:00:00+08:00,3.7634691517440837
2022-05-24 00:00:00+08:00,3.6997238814718063
2022-05-25 00:00:00+08:00,3.8614471510124173
2022-05-26 00:00:00+08:00,3.782356529212174
2022-05-27 00:00:00+08:00,3.7310061789512576
2022-05-30 00:00:00+08:00,3.670212482710887
2022-05-31 00:00:00+08:00,3.8000632313668894
2022-06-01 00:00:00+08:00,3.595253196243684
2022-06-02 00:00:00+08:00,3.666080918874787
2022-06-06 00:00:00+08:00,3.8974514642361866
2022-06-07 00:00:00+08:00,3.862037602920635
2022-06-08 00:00:00+08:00,3.758156912594609
2022-06-09 00:00:00+08:00,3.744092348140865
2022-06-10 00:00:00+08:00,3.7387609147343115
2022-06-13 00:00:00+08:00,3.5906667102345833
2022-06-14 00:00:00+08:00,3.415323287272448
2022-06-15 00:00:00+08:00,3.297440386407815
2022-06-16 00:00:00+08:00,3.552754624959069
2022-06-17 00:00:00+08:00,3.585927556760731
2022-06-20 00:00:00+08:00,3.787335866822932
2022-06-21 00:00:00+08:00,3.835910361905432
2022-06-22 00:00:00+08:00,3.8921865526405925
2022-06-23 00:00:00+08:00,3.877969549225157
2022-06-24 00:00:00+08:00,4.047981310277679
2022-06-27 00:00:00+08:00,4.022509160116436
2022-06-28 00:00:00+08:00,4.106034340810943
2022-06-29 00:00:00+08:00,3.9668261633262185
2022-06-30 00:00:00+08:00,3.8898169759036665
2022-07-01 00:00:00+08:00,3.5610479150352496
2022-07-04 00:00:00+08:00,3.598960000310764
2022-07-05 00:00:00+08:00,3.6404264506916673
2022-07-06 00:00:00+08:00,3.833541242174627
2022-07-07 00:00:00+08:00,4.155201801335326
2022-07-08 00:00:00+08:00,4.046796750412277
2022-07-11 00:00:00+08:00,3.972749876665473
2022-07-12 00:00:00+08:00,3.9419458360915556
2022-07-13 00:00:00+08:00,4.153424504531102
2022-07-14 00:00:00+08:00,4.472715486954875
2022-07-15 00:00:00+08:00,4.408146463149654
2022-07-18 00:00:00+08:00,4.4845633706395045
2022-07-19 00:00:00+08:00,4.16882652481806
2022-07-20 00:00:00+08:00,4.263014572325674
2022-07-21 00:00:00+08:00,4.171788381487687
2022-07-22 00:00:00+08:00,4.369641869438378
2022-07-25 00:00:00+08:00,4.259459978717225
2022-07-26 00:00:00+08:00,4.547947377573201
2022-07-27 00:00:00+08:00,4.7872677729109165
2022-07-28 00:00:00+08:00,4.999930544209744
2022-07-29 00:00:00+08:00,4.940692953811077
2022-08-01 00:00:00+08:00,4.870200673672723
2022-08-02 00:00:00+08:00,4.991044974200862
2022-08-03 00:00:00+08:00,4.685378715259823
2022-08-04 00:00:00+08:00,4.785490476106691
2022-08-05 00:00:00+08:00,4.6960415820729295
2022-08-08 00:00:00+08:00,4.70433487214911
2022-08-09 00:00:00+08:00,4.930622823936792
2022-08-10 00:00:00+08:00,4.96557328104574
2022-08-11 00:00:00+08:00,4.9649805441069175
2022-08-12 00:00:00+08:00,4.946024844223751
2022-08-15 00:00:00+08:00,5.028957287979436
2022-08-16 00:00:00+08:00,5.171127322133789
2022-08-17 00:00:00+08:00,4.9318073838021945
2022-08-18 00:00:00+08:00,5.059760871547233
2022-08-19 00:00:00+08:00,4.300926429098128
2022-08-22 00:00:00+08:00,4.250573951702222
2022-08-23 00:00:00+08:00,4.342985159411732
2022-08-24 00:00:00+08:00,4.230433691953653
2022-08-25 00:00:00+08:00,4.162310074539983
2022-08-26 00:00:00+08:00,4.203776981927008
2022-08-29 00:00:00+08:00,4.384451152786514
2022-08-30 00:00:00+08:00,4.374973759851052
2022-08-31 00:00:00+08:00,4.259459978717225
2022-09-01 00:00:00+08:00,4.356017602961765
2022-09-02 00:00:00+08:00,4.337061446072478
2022-09-05 00:00:00+08:00,4.24524297530179
2022-09-06 00:00:00+08:00,4.455536626869812
2022-09-07 00:00:00+08:00,4.469753630285247
2022-09-08 00:00:00+08:00,4.465607213750217
2022-09-09 00:00:00+08:00,4.319289849048593
2022-09-13 00:00:00+08:00,4.280785255337317
2022-09-14 00:00:00+08:00,4.263606395252254
2022-09-15 00:00:00+08:00,3.9881518969524317
2022-09-16 00:00:00+08:00,3.9532014398434843
2022-09-19 00:00:00+08:00,3.8151775937211014
2022-09-20 00:00:00+08:00,3.956755576445813
2022-09-21 00:00:00+08:00,3.947870006436931
2022-09-22 00:00:00+08:00,3.9899287367505356
2022-09-23 00:00:00+08:00,4.011254470376749
2022-09-26 00:00:00+08:00,4.042650333877247
2022-09-27 00:00:00+08:00,4.081746750515102
2022-09-28 00:00:00+08:00,3.97985814987013
2022-09-29 00:00:00+08:00,4.026063753724885
2022-09-30 00:00:00+08:00,3.822286095428819
2022-10-10 00:00:00+08:00,3.7399457031027743
2022-10-11 00:00:00+08:00,3.799183293501441
2022-10-12 00:00:00+08:00,3.9816354466743547
2022-10-13 00:00:00+08:00,3.7577170716235986
2022-10-14 00:00:00+08:00,4.171788381487687
2022-10-17 00:00:00+08:00,4.087670463854358
2022-10-18 00:00:00+08:00,4.027248313590288
2022-10-19 00:00:00+08:00,3.905218996190625
2022-10-20 00:00:00+08:00,3.768971989866346
2022-10-21 00:00:00+08:00,3.706772542798052
2022-10-24 00:00:00+08:00,3.732836972891996
2022-10-25 00:00:00+08:00,3.8643448257424233
2022-10-26 00:00:00+08:00,4.009476716566403
2022-10-27 00:00:00+08:00,4.105442060878242
2022-10-28 00:00:00+08:00,4.081746750515102
2022-10-31 00:00:00+08:00,3.9597174331154403
2022-11-01 00:00:00+08:00,4.186597664835824
2022-11-02 00:00:00+08:00,4.212662094929768
2022-11-03 00:00:00+08:00,4.183635808166197
2022-11-04 00:00:00+08:00,4.516551514072703
2022-11-07 00:00:00+08:00,4.449612913530557
2022-11-08 00:00:00+08:00,4.390374866125769
2022-11-09 00:00:00+08:00,4.242873398564863
2022-11-10 00:00:00+08:00,4.229249132088251
2022-11-11 00:00:00+08:00,4.2730847021999585
2022-11-14 00:00:00+08:00,4.015400886911778
2022-11-15 00:00:00+08:00,3.952608702904662
2022-11-16 00:00:00+08:00,3.9449081497673038
2022-11-17 00:00:00+08:00,3.8157698736538026
2022-11-18 00:00:00+08:00,3.833541242174627
2022-11-21 00:00:00+08:00,3.8992952828513707
2022-11-22 00:00:00+08:00,3.8122155085484137
2022-11-23 00:00:00+08:00,3.950239126167736
2022-11-24 00:00:00+08:00,3.976896293200503
2022-11-25 00:00:00+08:00,3.874414955616708
2022-11-28 00:00:00+08:00,3.8690839792162754
2022-11-29 00:00:00+08:00,3.8471657371543
2022-11-30 00:00:00+08:00,3.8453886688531362
2022-12-01 00:00:00+08:00,3.931282969278449
2022-12-02 00:00:00+08:00,4.011846293303329
2022-12-05 00:00:00+08:00,3.855459027230481
2022-12-06 00:00:00+08:00,3.4325021473575106
2022-12-07 00:00:00+08:00,3.4336869357259734
2022-12-08 00:00:00+08:00,3.5077340379758373
2022-12-09 00:00:00+08:00,3.4751533861068764
2022-12-12 00:00:00+08:00,3.415323287272448
2022-12-13 00:00:00+08:00,3.3282439699756114
2022-12-14 00:00:00+08:00,3.2624901578019285
2022-12-15 00:00:00+08:00,3.321135468267894
2022-12-16 00:00:00+08:00,3.2796690178869907
2022-12-19 00:00:00+08:00,3.2832231544893196
2022-12-20 00:00:00+08:00,3.278484229518528
2022-12-21 00:00:00+08:00,3.2026600589674996
2022-12-22 00:00:00+08:00,3.3069182363493983
2022-12-23 00:00:00+08:00,3.216877062382935
2022-12-26 00:00:00+08:00,3.5409071982805598
2022-12-27 00:00:00+08:00,3.5971829320096
2022-12-28 00:00:00+08:00,3.7399457031027743
2022-12-29 00:00:00+08:00,3.7683797099336447
2022-12-30 00:00:00+08:00,3.8015526417353067
2023-01-03 00:00:00+08:00,3.9579401363112154
2023-01-04 00:00:00+08:00,3.8643448257424233
2023-01-05 00:00:00+08:00,3.9141045661995073
2023-01-06 00:00:00+08:00,4.199630108385857
2023-01-09 00:00:00+08:00,4.270715125463033
2023-01-10 00:00:00+08:00,4.254721282249494
2023-01-11 00:00:00+08:00,4.171788381487687
2023-01-12 00:00:00+08:00,4.203184244988185
2023-01-13 00:00:00+08:00,4.218586265275143
2023-01-16 00:00:00+08:00,4.141577077852592
2023-01-17 00:00:00+08:00,4.20910795832744
2023-01-18 00:00:00+08:00,4.197852811581631
2023-01-19 00:00:00+08:00,4.24524297530179
2023-01-20 00:00:00+08:00,4.230433691953653
2023-01-30 00:00:00+08:00,4.220363105073248
2023-01-31 00:00:00+08:00,4.2523517055125675
2023-02-01 00:00:00+08:00,4.133283787776412
2023-02-02 00:00:00+08:00,4.033172026929543
2023-02-03 00:00:00+08:00,3.9555710165804103
2023-02-06 00:00:00+08:00,3.92772883267612
2023-02-07 00:00:00+08:00,3.9146968461322085
2023-02-08 00:00:00+08:00,3.860790689140095
2023-02-09 00:00:00+08:00,3.9573478563785143
2023-02-10 00:00:00+08:00,3.927136552743419
2023-02-13 00:00:00+08:00,3.8311718939407613
2023-02-14 00:00:00+08:00,3.8673066824120506
2023-02-15 00:00:00+08:00,3.827025248902671
2023-02-16 00:00:00+08:00,3.806291795209159
2023-02-17 00:00:00+08:00,3.7209897747165477
2023-02-20 00:00:00+08:00,3.72217433458195
2023-02-21 00:00:00+08:00,3.771341566603272
2023-02-22 00:00:00+08:00,3.6801156042683454
2023-02-23 00:00:00+08:00,3.7642330648955546
2023-02-24 00:00:00+08:00,3.6238396420362453
2023-02-27 00:00:00+08:00,3.6777460275314193
2023-02-28 00:00:00+08:00,3.679523324335644
2023-03-01 00:00:00+08:00,3.614954300530424
2023-03-02 00:00:00+08:00,3.5243206181281987
2023-03-03 00:00:00+08:00,3.539130129979396
2023-03-06 00:00:00+08:00,3.5610479150352496
2023-03-07 00:00:00+08:00,3.489962669455013
2023-03-08 00:00:00+08:00,3.469821952700323
2023-03-09 00:00:00+08:00,3.4040681405266398
2023-03-10 00:00:00+08:00,3.380373058666561
2023-03-13 00:00:00+08:00,3.378595761862336
2023-03-14 00:00:00+08:00,3.390443417043906
2023-03-15 00:00:00+08:00,3.3987367071200865
2023-03-16 00:00:00+08:00,3.22280100422525
2023-03-17 00:00:00+08:00,3.176595400370495
2023-03-20 00:00:00+08:00,3.21095334904368
2023-03-21 00:00:00+08:00,3.21095334904368
2023-03-22 00:00:00+08:00,3.189035335484766
2023-03-23 00:00:00+08:00,3.1037330864890937
2023-03-24 00:00:00+08:00,3.0995864414510033
2023-03-27 00:00:00+08:00,3.1552698952473417
2023-03-28 00:00:00+08:00,3.059897287874325
2023-03-29 00:00:00+08:00,3.050419437932742
2023-03-30 00:00:00+08:00,3.0622666361081907
2023-03-31 00:00:00+08:00,3.11024930826411
2023-04-03 00:00:00+08:00,3.196143837192483
2023-04-04 00:00:00+08:00,3.0830000898017027
2023-04-06 00:00:00+08:00,3.059304779438563
2023-04-07 00:00:00+08:00,3.022577482531512
2023-04-10 00:00:00+08:00,3.0101377759203016
2023-04-11 00:00:00+08:00,3.0219849740957505
2023-04-12 00:00:00+08:00,2.9088412267049697
2023-04-13 00:00:00+08:00,2.934313376866213
2023-04-14 00:00:00+08:00,2.9212811618192407
2023-04-17 00:00:00+08:00,3.0042138340779867
2023-04-18 00:00:00+08:00,3.032647840908857
2023-04-19 00:00:00+08:00,2.984665397255998
2023-04-20 00:00:00+08:00,2.885146144844891
2023-04-21 00:00:00+08:00,2.8407180662974207
2023-04-24 00:00:00+08:00,2.785034383998022
2023-04-25 00:00:00+08:00,2.714541646853547
2023-04-26 00:00:00+08:00,2.8975860799591615
2023-04-27 00:00:00+08:00,2.9337210969335117
2023-04-28 00:00:00+08:00,2.939052530340065
2023-05-04 00:00:00+08:00,2.895216503222236
2023-05-05 00:00:00+08:00,2.8383484895604947
2023-05-08 00:00:00+08:00,2.7406060769474916
2023-05-09 00:00:00+08:00,2.7411985853832532
2023-05-10 00:00:00+08:00,2.7441604420528805
2023-05-11 00:00:00+08:00,2.7358671519767
2023-05-12 00:00:00+08:00,2.6481955547471623
2023-05-15 00:00:00+08:00,2.7838498241326195
2023-05-16 00:00:00+08:00,2.926612595225794
2023-05-17 00:00:00+08:00,2.942014387009692
2023-05-18 00:00:00+08:00,2.8294626910485525
2023-05-19 00:00:00+08:00,2.752453732129061
2023-05-22 00:00:00+08:00,2.787403960734948
2023-05-23 00:00:00+08:00,2.7791106706587674
2023-05-24 00:00:00+08:00,2.918319076646553
2023-05-25 00:00:00+08:00,3.010730055853003
2023-05-26 00:00:00+08:00,2.878037414634113
2023-05-29 00:00:00+08:00,2.411837244582135
2023-05-30 00:00:00+08:00,2.3768870159762483
2023-05-31 00:00:00+08:00,2.3525994256804075
2023-06-01 00:00:00+08:00,2.3348282856626437
2023-06-02 00:00:00+08:00,2.323573138916836
2023-06-05 00:00:00+08:00,2.214575808061085
2023-06-06 00:00:00+08:00,2.1713322893790177
2023-06-07 00:00:00+08:00,2.1559304975951195
2023-06-08 00:00:00+08:00,2.133419975600443
2023-06-09 00:00:00+08:00,2.26078118341278
2023-06-12 00:00:00+08:00,2.32120356217991
2023-06-13 00:00:00+08:00,2.382218220879741
2023-06-14 00:00:00+08:00,2.37333287937392
2023-06-15 00:00:00+08:00,2.5190575071367216
2023-06-16 00:00:00+08:00,2.549861090704518
2023-06-19 00:00:00+08:00,2.5581541522776385
2023-06-20 00:00:00+08:00,2.5646703740526546
2023-06-21 00:00:00+08:00,2.5273505687098416
2023-06-26 00:00:00+08:00,2.582441742573479
2023-06-27 00:00:00+08:00,2.5690190949130876
2023-06-28 00:00:00+08:00,2.6205337388744714
2023-06-29 00:00:00+08:00,2.570816042980512
2023-06-30 00:00:00+08:00,2.605558562304444
2023-07-03 00:00:00+08:00,2.3863219864593654
2023-07-04 00:00:00+08:00,2.393510007232122
2023-07-05 00:00:00+08:00,2.3467875294546157
2023-07-06 00:00:00+08:00,2.3449903528841314
2023-07-07 00:00:00+08:00,2.3168371763145608
2023-07-10 00:00:00+08:00,2.377336789116125
2023-07-11 00:00:00+08:00,2.352178602159948
2023-07-12 00:00:00+08:00,2.3647576956380365
2023-07-13 00:00:00+08:00,2.3623616125460978
2023-07-14 00:00:00+08:00,2.28868377124193
2023-07-17 00:00:00+08:00,2.253941480421058
2023-07-18 00:00:00+08:00,2.2545403869425127
2023-07-19 00:00:00+08:00,2.2209959091645493
2023-07-20 00:00:00+08:00,2.2132089818703387
2023-07-21 00:00:00+08:00,2.1976346702757965
2023-07-24 00:00:00+08:00,2.1700804002276803
2023-07-25 00:00:00+08:00,2.2329760961211833
2023-07-26 00:00:00+08:00,2.2461543246237867
2023-07-27 00:00:00+08:00,2.2329760961211833
2023-07-28 00:00:00+08:00,2.3252232386332867
2023-07-31 00:00:00+08:00,2.307253072449866
2023-08-01 00:00:00+08:00,2.2796985738986897
2023-08-02 00:00:00+08:00,2.2701144700339944
2023-08-03 00:00:00+08:00,2.2850896466040216
2023-08-04 00:00:00+08:00,2.3084511139958352
2023-08-07 00:00:00+08:00,2.295272885493232
2023-08-08 00:00:00+08:00,2.248550407715726
2023-08-09 00:00:00+08:00,2.264723397328662
2023-08-10 00:00:00+08:00,2.2922778958798387
2023-08-11 00:00:00+08:00,2.2341741376671527
2023-08-14 00:00:00+08:00,2.2108128987784
2023-08-15 00:00:00+08:00,2.144921984768443
2023-08-16 00:00:00+08:00,2.123956828971629
2023-08-17 00:00:00+08:00,2.161694337908955
2023-08-18 00:00:00+08:00,2.1425261301795646
2023-08-21 00:00:00+08:00,2.0838234654454246
2023-08-22 00:00:00+08:00,2.086219320034303
2023-08-23 00:00:00+08:00,2.0299127383921016
2023-08-24 00:00:00+08:00,2.10119449660433
2023-08-25 00:00:00+08:00,2.102991673174815
2023-08-28 00:00:00+08:00,2.1497141509523208
2023-08-29 00:00:00+08:00,2.1862536183436774
2023-08-30 00:00:00+08:00,2.170679306749135
2023-08-31 00:00:00+08:00,2.0886154031262416
2023-09-01 00:00:00+08:00,2.0664522057834582
2023-09-04 00:00:00+08:00,2.053273977280855
2023-09-05 00:00:00+08:00,2.0628580811455497
2023-09-06 00:00:00+08:00,1.9795961359766872
2023-09-07 00:00:00+08:00,1.8819580350107818
2023-09-08 00:00:00+08:00,1.8813590142377972
2023-09-11 00:00:00+08:00,1.8987301596482333
2023-09-12 00:00:00+08:00,1.9119083881508367
2023-09-13 00:00:00+08:00,1.8777648895998889
2023-09-14 00:00:00+08:00,1.8496115987787882
2023-09-15 00:00:00+08:00,1.8520076818707272
2023-09-18 00:00:00+08:00,1.871774910373102
2023-09-19 00:00:00+08:00,1.830443391049398
2023-09-20 00:00:00+08:00,1.8166662560253402
2023-09-21 00:00:00+08:00,1.7980969548174044
2023-09-22 00:00:00+08:00,1.8663838376677697
2023-09-25 00:00:00+08:00,1.832240453368352
2023-09-26 00:00:00+08:00,1.8166662560253402
2023-09-27 00:00:00+08:00,1.8699778480541478
2023-09-28 00:00:00+08:00,1.8843540038511906
2023-10-09 00:00:00+08:00,1.889745076556523
2023-10-10 00:00:00+08:00,1.8370325053006997
2023-10-11 00:00:00+08:00,1.850210619551773
2023-10-12 00:00:00+08:00,1.8675818792137393
2023-10-13 00:00:00+08:00,1.8220573287306723
2023-10-16 00:00:00+08:00,1.791507954817633
2023-10-17 00:00:00+08:00,1.7711417055422731
2023-10-18 00:00:00+08:00,1.759161518585639
2023-10-19 00:00:00+08:00,1.7861168821123006
2023-10-20 00:00:00+08:00,1.781324830179953
2023-10-23 00:00:00+08:00,1.751973497812883
2023-10-24 00:00:00+08:00,1.7609585809045933
2023-10-25 00:00:00+08:00,1.7561665289722457
2023-10-26 00:00:00+08:00,1.7292111654455844
2023-10-27 00:00:00+08:00,1.8466166091653948
2023-10-30 00:00:00+08:00,1.8711758896001174
2023-10-31 00:00:00+08:00,1.842423578006032
2023-11-01 00:00:00+08:00,1.7867159028852853
2023-11-02 00:00:00+08:00,1.7483793731749746
2023-11-03 00:00:00+08:00,1.7939039236580414
2023-11-06 00:00:00+08:00,1.8544036507111359
2023-11-07 00:00:00+08:00,1.8603937441894527
2023-11-08 00:00:00+08:00,1.8963341908078246
2023-11-09 00:00:00+08:00,1.9472498139962238
2023-11-10 00:00:00+08:00,1.911309367377852
2023-11-13 00:00:00+08:00,1.9232894400829557
2023-11-14 00:00:00+08:00,1.922690419309971
2023-11-15 00:00:00+08:00,1.9442547101313001
2023-11-16 00:00:00+08:00,1.8741708792135108
2023-11-17 00:00:00+08:00,1.8771659830784344
2023-11-20 00:00:00+08:00,1.8849530246241752
2023-11-21 00:00:00+08:00,1.8663838376677697
2023-11-22 00:00:00+08:00,1.820859287184703
2023-11-23 00:00:00+08:00,1.8256513391170504
2023-11-24 00:00:00+08:00,1.7861168821123006
2023-11-27 00:00:00+08:00,1.720226082353874
2023-11-28 00:00:00+08:00,1.7214241238998433
2023-11-29 00:00:00+08:00,1.6932707188272127
2023-11-30 00:00:00+08:00,1.6681124176195055
2023-12-01 00:00:00+08:00,1.6567313656873863
2023-12-04 00:00:00+08:00,1.6285779606147555
2023-12-05 00:00:00+08:00,1.6034196594070482
2023-12-06 00:00:00+08:00,1.619592877523045
2023-12-07 00:00:00+08:00,1.6243849294553927
2023-12-08 00:00:00+08:00,1.63936010602542
2023-12-11 00:00:00+08:00,1.6285779606147555
2023-12-12 00:00:00+08:00,1.6064147632719719
2023-12-13 00:00:00+08:00,1.5764644101319172
2023-12-14 00:00:00+08:00,1.5674793270402068
2023-12-15 00:00:00+08:00,1.5728703997455389
2023-12-18 00:00:00+08:00,1.5363309323541825
2023-12-19 00:00:00+08:00,1.5614892335618897
2023-12-20 00:00:00+08:00,1.5525041504701793
2023-12-21 00:00:00+08:00,1.6010236905666395
2023-12-22 00:00:00+08:00,1.6339690333200878
2023-12-25 00:00:00+08:00,1.631573064479679
2023-12-26 00:00:00+08:00,1.6321720852526638
2023-12-27 00:00:00+08:00,1.6177959294556212
2023-12-28 00:00:00+08:00,1.7963000067499804
2023-12-29 00:00:00+08:00,1.7621566224505627
2024-01-02 00:00:00+08:00,1.7208251031268587
2024-01-03 00:00:00+08:00,1.726216175832191
2024-01-04 00:00:00+08:00,1.6992608123055295
2024-01-05 00:00:00+08:00,1.6471472618226912
2024-01-08 00:00:00+08:00,1.6471472618226912
2024-01-09 00:00:00+08:00,1.684884656508487
2024-01-10 00:00:00+08:00,1.7118400200351482
2024-01-11 00:00:00+08:00,1.7363993004698708
2024-01-12 00:00:00+08:00,1.7363993004698708
2024-01-15 00:00:00+08:00,1.7064489473298161
2024-01-16 00:00:00+08:00,1.7627556432235474
2024-01-17 00:00:00+08:00,1.696864843465121
2024-01-18 00:00:00+08:00,1.7801267886339835
2024-01-19 00:00:00+08:00,1.7471814458805355
2024-01-22 00:00:00+08:00,1.6806916253491242
2024-01-23 00:00:00+08:00,1.694468760373182
2024-01-24 00:00:00+08:00,1.63936010602542
2024-01-25 00:00:00+08:00,1.6495432306631
2024-01-26 00:00:00+08:00,1.619592877523045
2024-01-29 00:00:00+08:00,1.480024236460451
2024-01-30 00:00:00+08:00,1.4297076340450365
2024-01-31 00:00:00+08:00,1.436895769069323
2024-02-01 00:00:00+08:00,1.436895769069323
2024-02-02 00:00:00+08:00,1.3763960420162287
2024-02-05 00:00:00+08:00,1.3578268550598231
2024-02-06 00:00:00+08:00,1.4315046963639908
2024-02-07 00:00:00+08:00,1.44288586254764
2024-02-08 00:00:00+08:00,1.4938013714845089
2024-02-19 00:00:00+08:00,1.4722371949147102
2024-02-20 00:00:00+08:00,1.4584599456391218
2024-02-21 00:00:00+08:00,1.4908063818711155
2024-02-22 00:00:00+08:00,1.5081776415330819
2024-02-23 00:00:00+08:00,1.5369299531271672
2024-02-26 00:00:00+08:00,1.5147666415328533
2024-02-27 00:00:00+08:00,1.5339348492622435
2024-02-28 00:00:00+08:00,1.5039844961221889
2024-02-29 00:00:00+08:00,1.5537020777646184
2024-03-01 00:00:00+08:00,1.5632861816293135
2024-03-04 00:00:00+08:00,1.5543010985376033
2024-03-05 00:00:00+08:00,1.529142797329896
2024-03-06 00:00:00+08:00,1.614201804817713
2024-03-07 00:00:00+08:00,1.5578952231755117
2024-03-08 00:00:00+08:00,1.6291769813877401
2024-03-11 00:00:00+08:00,1.6764985941897612
2024-03-12 00:00:00+08:00,1.6645184072331272
2024-03-13 00:00:00+08:00,1.651340292982054
2024-03-14 00:00:00+08:00,1.6381620644794506
2024-03-15 00:00:00+08:00,1.6309740437066944
2024-03-18 00:00:00+08:00,1.6465482410497065
2024-03-19 00:00:00+08:00,1.615998867136667
2024-03-20 00:00:00+08:00,1.6225879813879687
2024-03-21 00:00:00+08:00,1.5716723581995695
2024-03-22 00:00:00+08:00,1.5129696934654293
2024-03-25 00:00:00+08:00,1.4973954961224174
2024-03-26 00:00:00+08:00,1.517761745397777
2024-03-27 00:00:00+08:00,1.4578610391176674
2024-03-28 00:00:00+08:00,1.4734351222091493
2024-03-29 00:00:00+08:00,1.4788261949144816
2024-04-01 00:00:00+08:00,1.5141676207598687
2024-04-02 00:00:00+08:00,1.503385475349204
2024-04-03 00:00:00+08:00,1.4938013714845089
2024-04-08 00:00:00+08:00,1.4243165613397042
2024-04-09 00:00:00+08:00,1.4662471014363931
2024-04-10 00:00:00+08:00,1.414732457475009
2024-04-11 00:00:00+08:00,1.4105394263156463
2024-04-12 00:00:00+08:00,1.356029792740869
2024-04-15 00:00:00+08:00,1.3716039900838812
2024-04-16 00:00:00+08:00,1.3488416577165827
2024-04-17 00:00:00+08:00,1.3763960420162287
2024-04-18 00:00:00+08:00,1.3578268550598231
2024-04-19 00:00:00+08:00,1.3075102526444087
2024-04-22 00:00:00+08:00,1.3123023045767563
2024-04-23 00:00:00+08:00,1.29493104491479
2024-04-24 00:00:00+08:00,1.2661787333207046
2024-04-25 00:00:00+08:00,1.247609546364299
2024-04-26 00:00:00+08:00,1.2859459618230797
2024-04-29 00:00:00+08:00,1.3476437304221434
2024-04-30 00:00:00+08:00,1.3278765019197685
2024-05-06 00:00:00+08:00,1.3350645226925246
2024-05-07 00:00:00+08:00,1.3374606057844636
2024-05-08 00:00:00+08:00,1.3075102526444087
2024-05-09 00:00:00+08:00,1.3578268550598231
2024-05-10 00:00:00+08:00,1.342252657716811
2024-05-13 00:00:00+08:00,1.33446550191954
2024-05-14 00:00:00+08:00,1.3320695330791312
2024-05-15 00:00:00+08:00,1.3099062214848174
2024-05-16 00:00:00+08:00,1.2853469410500948
2024-05-17 00:00:00+08:00,1.2530006190696314
