Date,sse_daily_return
2021-05-24 00:00:00+08:00,1.0
2021-05-25 00:00:00+08:00,1.024035838677365
2021-05-26 00:00:00+08:00,1.0274728009539222
2021-05-27 00:00:00+08:00,1.031901954497423
2021-05-28 00:00:00+08:00,1.0295944274215894
2021-05-31 00:00:00+08:00,1.0337976799632025
2021-06-01 00:00:00+08:00,1.036436868244218
2021-06-02 00:00:00+08:00,1.0285535794802587
2021-06-03 00:00:00+08:00,1.0248564401227265
2021-06-04 00:00:00+08:00,1.027038171894048
2021-06-07 00:00:00+08:00,1.0292398689578726
2021-06-08 00:00:00+08:00,1.023684142370965
2021-06-09 00:00:00+08:00,1.0269123067808206
2021-06-10 00:00:00+08:00,1.0324766896483937
2021-06-11 00:00:00+08:00,1.0264405394845422
2021-06-15 00:00:00+08:00,1.0169503239089475
2021-06-16 00:00:00+08:00,1.0060189772199504
2021-06-17 00:00:00+08:00,1.0080977411365795
2021-06-18 00:00:00+08:00,1.007954772888166
2021-06-21 00:00:00+08:00,1.0091213463252937
2021-06-22 00:00:00+08:00,1.0171933280460213
2021-06-23 00:00:00+08:00,1.0197124453371582
2021-06-24 00:00:00+08:00,1.0198353784843537
2021-06-25 00:00:00+08:00,1.0315330852471218
2021-06-28 00:00:00+08:00,1.0311928375699893
2021-06-29 00:00:00+08:00,1.0217025521856795
2021-06-30 00:00:00+08:00,1.0268551334431983
2021-07-01 00:00:00+08:00,1.026163189459666
2021-07-02 00:00:00+08:00,1.0061419103671456
2021-07-05 00:00:00+08:00,1.0105910990118647
2021-07-06 00:00:00+08:00,1.0094301800806555
2021-07-07 00:00:00+08:00,1.0161382391268214
2021-07-08 00:00:00+08:00,1.0080691195634106
2021-07-09 00:00:00+08:00,1.0076659742340222
2021-07-12 00:00:00+08:00,1.0144569660336622
2021-07-13 00:00:00+08:00,1.0197982402479493
2021-07-14 00:00:00+08:00,1.0089269290538916
2021-07-15 00:00:00+08:00,1.0192464023555137
2021-07-16 00:00:00+08:00,1.0120150571813655
2021-07-19 00:00:00+08:00,1.011963608158377
2021-07-20 00:00:00+08:00,1.0112973537819814
2021-07-21 00:00:00+08:00,1.018694773889223
2021-07-22 00:00:00+08:00,1.022146884656945
2021-07-23 00:00:00+08:00,1.0151889104109157
2021-07-26 00:00:00+08:00,0.9914676298035464
2021-07-27 00:00:00+08:00,0.9668027447949051
2021-07-28 00:00:00+08:00,0.9612012934996428
2021-07-29 00:00:00+08:00,0.9755352565773946
2021-07-30 00:00:00+08:00,0.97142924757584
2021-08-02 00:00:00+08:00,0.9905669577620275
2021-08-03 00:00:00+08:00,0.9859061789020053
2021-08-04 00:00:00+08:00,0.9942640971195598
2021-08-05 00:00:00+08:00,0.991213177037205
2021-08-06 00:00:00+08:00,0.9888341658371647
2021-08-09 00:00:00+08:00,0.9992422263981796
2021-08-10 00:00:00+08:00,1.009335798697914
2021-08-11 00:00:00+08:00,1.010105020929002
2021-08-12 00:00:00+08:00,1.0078518050334737
2021-08-13 00:00:00+08:00,1.005438517754346
2021-08-16 00:00:00+08:00,1.0057359028804402
2021-08-17 00:00:00+08:00,0.9856162633084207
2021-08-18 00:00:00+08:00,0.9965704374472377
2021-08-19 00:00:00+08:00,0.990928636714679
2021-08-20 00:00:00+08:00,0.9799998729481386
2021-08-23 00:00:00+08:00,0.994238337703708
2021-08-24 00:00:00+08:00,1.0049155108612238
2021-08-25 00:00:00+08:00,1.0123238211280126
2021-08-26 00:00:00+08:00,1.0012535550960746
2021-08-27 00:00:00+08:00,1.0071132288282907
2021-08-30 00:00:00+08:00,1.0088271025913762
2021-08-31 00:00:00+08:00,1.013341771810808
2021-09-01 00:00:00+08:00,1.0199641057548978
2021-09-02 00:00:00+08:00,1.0285250277158051
2021-09-03 00:00:00+08:00,1.024147323195293
2021-09-06 00:00:00+08:00,1.0356219911134903
2021-09-07 00:00:00+08:00,1.051271290000132
2021-09-08 00:00:00+08:00,1.0508709370193452
2021-09-09 00:00:00+08:00,1.056000621018329
2021-09-10 00:00:00+08:00,1.0588543314806798
2021-09-13 00:00:00+08:00,1.0623599157241268
2021-09-14 00:00:00+08:00,1.0472710412018715
2021-09-15 00:00:00+08:00,1.0454467300515837
2021-09-16 00:00:00+08:00,1.0313987034706589
2021-09-17 00:00:00+08:00,1.0333659130606452
2021-09-22 00:00:00+08:00,1.0375177165792697
2021-09-23 00:00:00+08:00,1.0414436190960064
2021-09-24 00:00:00+08:00,1.033108598136987
2021-09-27 00:00:00+08:00,1.0244618812652886
2021-09-28 00:00:00+08:00,1.0300061592229284
2021-09-29 00:00:00+08:00,1.0111543855335678
2021-09-30 00:00:00+08:00,1.020270007544228
2021-10-08 00:00:00+08:00,1.0271324834680746
2021-10-11 00:00:00+08:00,1.0270009638489286
2021-10-12 00:00:00+08:00,1.014199581301289
2021-10-13 00:00:00+08:00,1.0184371797307046
2021-10-14 00:00:00+08:00,1.017442126306444
2021-10-15 00:00:00+08:00,1.021470996677873
2021-10-18 00:00:00+08:00,1.0202614210722771
2021-10-19 00:00:00+08:00,1.0274126956502678
2021-10-20 00:00:00+08:00,1.025654214118268
2021-10-21 00:00:00+08:00,1.0278788084406276
2021-10-22 00:00:00+08:00,1.0243961214557156
2021-10-25 00:00:00+08:00,1.0321907531515668
2021-10-26 00:00:00+08:00,1.0286965477286723
2021-10-27 00:00:00+08:00,1.0185944587657023
2021-10-28 00:00:00+08:00,1.006044666827087
2021-10-29 00:00:00+08:00,1.0143139977852487
2021-11-01 00:00:00+08:00,1.013496188688489
2021-11-02 00:00:00+08:00,1.002387527863276
2021-11-03 00:00:00+08:00,1.0003602827783507
2021-11-04 00:00:00+08:00,1.0084608860722468
2021-11-05 00:00:00+08:00,0.9983673137725125
2021-11-08 00:00:00+08:00,1.0003859723854873
2021-11-09 00:00:00+08:00,1.002779294372112
2021-11-10 00:00:00+08:00,0.9986217665388539
2021-11-11 00:00:00+08:00,1.0101536077946736
2021-11-12 00:00:00+08:00,1.0119578838437433
2021-11-15 00:00:00+08:00,1.010299438200404
2021-11-16 00:00:00+08:00,1.0070083063295772
2021-11-17 00:00:00+08:00,1.01146321928893
2021-11-18 00:00:00+08:00,1.0066994725742153
2021-11-19 00:00:00+08:00,1.0180397587159498
2021-11-22 00:00:00+08:00,1.0242474288926684
2021-11-23 00:00:00+08:00,1.0262515672929136
2021-11-24 00:00:00+08:00,1.0272848758930193
2021-11-25 00:00:00+08:00,1.024847853650776
2021-11-26 00:00:00+08:00,1.0191034341071001
2021-11-29 00:00:00+08:00,1.0187059432836303
2021-11-30 00:00:00+08:00,1.0190461909607627
2021-12-01 00:00:00+08:00,1.022763365419513
2021-12-02 00:00:00+08:00,1.0218913149511628
2021-12-03 00:00:00+08:00,1.0314958772020024
2021-12-06 00:00:00+08:00,1.02631474418003
2021-12-07 00:00:00+08:00,1.0279674655087356
2021-12-08 00:00:00+08:00,1.0401140423092472
2021-12-09 00:00:00+08:00,1.0502562014746533
2021-12-10 00:00:00+08:00,1.0483433030649725
2021-12-13 00:00:00+08:00,1.0525551420785364
2021-12-14 00:00:00+08:00,1.0469650696038264
2021-12-15 00:00:00+08:00,1.0429905104127029
2021-12-16 00:00:00+08:00,1.0508223501536733
2021-12-17 00:00:00+08:00,1.0386243243301732
2021-12-20 00:00:00+08:00,1.027541422920812
2021-12-21 00:00:00+08:00,1.0365569392340965
2021-12-22 00:00:00+08:00,1.0358393056434272
2021-12-23 00:00:00+08:00,1.041763901480636
2021-12-24 00:00:00+08:00,1.0345336732459287
2021-12-27 00:00:00+08:00,1.033937786054299
2021-12-28 00:00:00+08:00,1.0379815256820328
2021-12-29 00:00:00+08:00,1.0285135790865376
2021-12-30 00:00:00+08:00,1.034858493197036
2021-12-31 00:00:00+08:00,1.0407459507978403
2022-01-04 00:00:00+08:00,1.0386157378582226
2022-01-05 00:00:00+08:00,1.0279931551158723
2022-01-06 00:00:00+08:00,1.0253911748799762
2022-01-07 00:00:00+08:00,1.0235211390213335
2022-01-10 00:00:00+08:00,1.027518525662277
2022-01-11 00:00:00+08:00,1.0200612794862414
2022-01-12 00:00:00+08:00,1.028636512233733
2022-01-13 00:00:00+08:00,1.0165785925013293
2022-01-14 00:00:00+08:00,1.006856751609213
2022-01-17 00:00:00+08:00,1.0126926903783138
2022-01-18 00:00:00+08:00,1.020767534256358
2022-01-19 00:00:00+08:00,1.0174135047332753
2022-01-20 00:00:00+08:00,1.0165214191637069
2022-01-21 00:00:00+08:00,1.007231345174148
2022-01-24 00:00:00+08:00,1.0076716985486558
2022-01-25 00:00:00+08:00,0.9816371665508191
2022-01-26 00:00:00+08:00,0.988102151651196
2022-01-27 00:00:00+08:00,0.9705399543548736
2022-01-28 00:00:00+08:00,0.9611583611398897
2022-02-07 00:00:00+08:00,0.9806421131265585
2022-02-08 00:00:00+08:00,0.9872328935314477
2022-02-09 00:00:00+08:00,0.9950446981712001
2022-02-10 00:00:00+08:00,0.9967488685228943
2022-02-11 00:00:00+08:00,0.990183777725142
2022-02-14 00:00:00+08:00,0.9804419017318077
2022-02-15 00:00:00+08:00,0.9853629274815201
2022-02-16 00:00:00+08:00,0.9910073111365354
2022-02-17 00:00:00+08:00,0.9916392196251286
2022-02-18 00:00:00+08:00,0.9981356884559911
2022-02-21 00:00:00+08:00,0.9980928259049531
2022-02-22 00:00:00+08:00,0.9885253320818027
2022-02-23 00:00:00+08:00,0.997675299980265
2022-02-24 00:00:00+08:00,0.9807507354871695
2022-02-25 00:00:00+08:00,0.9868840593823646
2022-02-28 00:00:00+08:00,0.9900008090830074
2022-03-01 00:00:00+08:00,0.9975838505635553
2022-03-02 00:00:00+08:00,0.9962570661253978
2022-03-03 00:00:00+08:00,0.9953764291850971
2022-03-04 00:00:00+08:00,0.9858089353619467
2022-03-07 00:00:00+08:00,0.9644238034035797
2022-03-08 00:00:00+08:00,0.941740438771509
2022-03-09 00:00:00+08:00,0.9311207181864757
2022-03-10 00:00:00+08:00,0.9424724529574776
2022-03-11 00:00:00+08:00,0.9463783203729963
2022-03-14 00:00:00+08:00,0.9217248839936225
2022-03-15 00:00:00+08:00,0.8761008398058229
2022-03-16 00:00:00+08:00,0.9066216986847828
2022-03-17 00:00:00+08:00,0.9192972859279104
2022-03-18 00:00:00+08:00,0.9295995862856311
2022-03-21 00:00:00+08:00,0.9303487036067859
2022-03-22 00:00:00+08:00,0.9321129792621344
2022-03-23 00:00:00+08:00,0.9353068675929027
2022-03-24 00:00:00+08:00,0.9293679609691097
2022-03-25 00:00:00+08:00,0.9184966497750519
2022-03-28 00:00:00+08:00,0.9191428690502293
2022-03-29 00:00:00+08:00,0.9161233628896452
2022-03-30 00:00:00+08:00,0.9340401884583995
2022-03-31 00:00:00+08:00,0.9299226610188623
2022-04-01 00:00:00+08:00,0.938649448486718
2022-04-06 00:00:00+08:00,0.9388524522300709
2022-04-07 00:00:00+08:00,0.9254906453180447
2022-04-08 00:00:00+08:00,0.929822625130202
2022-04-11 00:00:00+08:00,0.9055980236873535
2022-04-12 00:00:00+08:00,0.9188083456877307
2022-04-13 00:00:00+08:00,0.9112281663644997
2022-04-14 00:00:00+08:00,0.922328170909047
2022-04-15 00:00:00+08:00,0.9182121792612409
2022-04-18 00:00:00+08:00,0.9137157999251511
2022-04-19 00:00:00+08:00,0.9132897573372275
2022-04-20 00:00:00+08:00,0.9010002122883024
2022-04-21 00:00:00+08:00,0.8806300990466992
2022-04-22 00:00:00+08:00,0.8826630684462583
2022-04-25 00:00:00+08:00,0.8373678931150387
2022-04-26 00:00:00+08:00,0.8253356629897718
2022-04-27 00:00:00+08:00,0.8458802282102742
2022-04-28 00:00:00+08:00,0.8507983219939547
2022-04-29 00:00:00+08:00,0.8712656787756166
2022-05-05 00:00:00+08:00,0.8771845502981914
2022-05-06 00:00:00+08:00,0.8582555681699904
2022-05-09 00:00:00+08:00,0.8589932368618777
2022-05-10 00:00:00+08:00,0.868057479658264
2022-05-11 00:00:00+08:00,0.8745939488828477
2022-05-12 00:00:00+08:00,0.873533135649014
2022-05-13 00:00:00+08:00,0.8819082268104699
2022-05-16 00:00:00+08:00,0.8788973071218362
2022-05-17 00:00:00+08:00,0.8846017262717909
2022-05-18 00:00:00+08:00,0.8823943048933326
2022-05-19 00:00:00+08:00,0.8855338820437954
2022-05-20 00:00:00+08:00,0.8997192223672149
2022-05-23 00:00:00+08:00,0.8998021551206892
2022-05-24 00:00:00+08:00,0.8780909466543441
2022-05-25 00:00:00+08:00,0.8885362152604783
2022-05-26 00:00:00+08:00,0.8930111633210491
2022-05-27 00:00:00+08:00,0.895049857035242
2022-05-30 00:00:00+08:00,0.9004312014519654
2022-05-31 00:00:00+08:00,0.9111166120378567
2022-06-01 00:00:00+08:00,0.9098956576117084
2022-06-02 00:00:00+08:00,0.9136986269812498
2022-06-06 00:00:00+08:00,0.925396333744018
2022-06-07 00:00:00+08:00,0.9269375007460806
2022-06-08 00:00:00+08:00,0.9332366901482242
2022-06-09 00:00:00+08:00,0.9261340024359053
2022-06-10 00:00:00+08:00,0.9392528052108575
2022-06-13 00:00:00+08:00,0.9308805762067187
2022-06-14 00:00:00+08:00,0.9404193786479853
2022-06-15 00:00:00+08:00,0.94513733084563
2022-06-16 00:00:00+08:00,0.9394100144371403
2022-06-17 00:00:00+08:00,0.9483913244800525
2022-06-20 00:00:00+08:00,0.9480024201285332
2022-06-21 00:00:00+08:00,0.9455119244105649
2022-06-22 00:00:00+08:00,0.9342117084712667
2022-06-23 00:00:00+08:00,0.9493520320165106
2022-06-24 00:00:00+08:00,0.9578157802460743
2022-06-27 00:00:00+08:00,0.9662337339585682
2022-06-28 00:00:00+08:00,0.9748175531780103
2022-06-29 00:00:00+08:00,0.9611812583984247
2022-06-30 00:00:00+08:00,0.9717895303541906
2022-07-01 00:00:00+08:00,0.9686498833950128
2022-07-04 00:00:00+08:00,0.9737367048429587
2022-07-05 00:00:00+08:00,0.973336421670887
2022-07-06 00:00:00+08:00,0.9594170525517912
2022-07-07 00:00:00+08:00,0.9620047220011031
2022-07-08 00:00:00+08:00,0.9596257806097778
2022-07-11 00:00:00+08:00,0.9474734794946323
2022-07-12 00:00:00+08:00,0.9382920278656844
2022-07-13 00:00:00+08:00,0.9390983883331766
2022-07-14 00:00:00+08:00,0.9383692363045248
2022-07-15 00:00:00+08:00,0.9230201847012944
2022-07-18 00:00:00+08:00,0.9373284581719094
2022-07-19 00:00:00+08:00,0.937708706242763
2022-07-20 00:00:00+08:00,0.944940051416911
2022-07-21 00:00:00+08:00,0.935584217617779
2022-07-22 00:00:00+08:00,0.9350037581521745
2022-07-25 00:00:00+08:00,0.929405099205514
2022-07-26 00:00:00+08:00,0.9371396954064259
2022-07-27 00:00:00+08:00,0.936659341638197
2022-07-28 00:00:00+08:00,0.938609448092997
2022-07-29 00:00:00+08:00,0.9302200461449568
2022-08-01 00:00:00+08:00,0.9321415310265881
2022-08-02 00:00:00+08:00,0.9110708873295018
2022-08-03 00:00:00+08:00,0.9046086945777267
2022-08-04 00:00:00+08:00,0.9118629370104097
2022-08-05 00:00:00+08:00,0.9227256617325169
2022-08-08 00:00:00+08:00,0.9255564051276176
2022-08-09 00:00:00+08:00,0.9285587383443006
2022-08-10 00:00:00+08:00,0.9235806090656808
2022-08-11 00:00:00+08:00,0.9383492012033068
2022-08-12 00:00:00+08:00,0.9369824163714282
2022-08-15 00:00:00+08:00,0.9367537230209386
2022-08-16 00:00:00+08:00,0.9372654907109382
2022-08-17 00:00:00+08:00,0.9414545022746821
2022-08-18 00:00:00+08:00,0.9371683169795947
2022-08-19 00:00:00+08:00,0.9316040039207367
2022-08-22 00:00:00+08:00,0.9372398011038015
2022-08-23 00:00:00+08:00,0.9367908612573429
2022-08-24 00:00:00+08:00,0.9193430106362652
2022-08-25 00:00:00+08:00,0.928221352824485
2022-08-26 00:00:00+08:00,0.9253534013842649
2022-08-29 00:00:00+08:00,0.9266429777773031
2022-08-30 00:00:00+08:00,0.9227799729128224
2022-08-31 00:00:00+08:00,0.9156086632336137
2022-09-01 00:00:00+08:00,0.9107020180792006
2022-09-02 00:00:00+08:00,0.9111309228244411
2022-09-05 00:00:00+08:00,0.9149716587088222
2022-09-06 00:00:00+08:00,0.9274207166716266
2022-09-07 00:00:00+08:00,0.9282328014537525
2022-09-08 00:00:00+08:00,0.9251732948994472
2022-09-09 00:00:00+08:00,0.9327391634360939
2022-09-13 00:00:00+08:00,0.933239552305541
2022-09-14 00:00:00+08:00,0.9257308571065167
2022-09-15 00:00:00+08:00,0.9149738925877037
2022-09-16 00:00:00+08:00,0.8939518357562891
2022-09-19 00:00:00+08:00,0.8908637774375301
2022-09-20 00:00:00+08:00,0.8928109519262982
2022-09-21 00:00:00+08:00,0.8913155096325904
2022-09-22 00:00:00+08:00,0.8889508092191344
2022-09-23 00:00:00+08:00,0.8830777322136295
2022-09-26 00:00:00+08:00,0.8724580116285962
2022-09-27 00:00:00+08:00,0.8846475207888608
2022-09-28 00:00:00+08:00,0.8706966679392796
2022-09-29 00:00:00+08:00,0.869590060188376
2022-09-30 00:00:00+08:00,0.8647834509226234
2022-10-10 00:00:00+08:00,0.8504180041143861
2022-10-11 00:00:00+08:00,0.8520307250493705
2022-10-12 00:00:00+08:00,0.8651037333072528
2022-10-13 00:00:00+08:00,0.8624874422847723
2022-10-14 00:00:00+08:00,0.8783940560950723
2022-10-17 00:00:00+08:00,0.8820969197672383
2022-10-18 00:00:00+08:00,0.8809588980945642
2022-10-19 00:00:00+08:00,0.8704993187018455
2022-10-20 00:00:00+08:00,0.8678315786563763
2022-10-21 00:00:00+08:00,0.8689409787558816
2022-10-24 00:00:00+08:00,0.8513930922461436
2022-10-25 00:00:00+08:00,0.8510270851531593
2022-10-26 00:00:00+08:00,0.8576665222324352
2022-10-27 00:00:00+08:00,0.8529199484616219
2022-10-28 00:00:00+08:00,0.8337707896461668
2022-10-31 00:00:00+08:00,0.8273515292541448
2022-11-01 00:00:00+08:00,0.8490026324168356
2022-11-02 00:00:00+08:00,0.8587731299833388
2022-11-03 00:00:00+08:00,0.8571833063068893
2022-11-04 00:00:00+08:00,0.8780538084179398
2022-11-07 00:00:00+08:00,0.8800610882103621
2022-11-08 00:00:00+08:00,0.87624953236887
2022-11-09 00:00:00+08:00,0.871583029194214
2022-11-10 00:00:00+08:00,0.8681403426030232
2022-11-11 00:00:00+08:00,0.8827688984582676
2022-11-14 00:00:00+08:00,0.8816565663927303
2022-11-15 00:00:00+08:00,0.896147878314195
2022-11-16 00:00:00+08:00,0.892116145785449
2022-11-17 00:00:00+08:00,0.8908151207631433
2022-11-18 00:00:00+08:00,0.8856139526399527
2022-11-21 00:00:00+08:00,0.8821266582798476
2022-11-22 00:00:00+08:00,0.8832415732678416
2022-11-23 00:00:00+08:00,0.8855187335526304
2022-11-24 00:00:00+08:00,0.8833464957665552
2022-11-25 00:00:00+08:00,0.8868863560890896
2022-11-28 00:00:00+08:00,0.8802698162683487
2022-11-29 00:00:00+08:00,0.9006284808806844
2022-11-30 00:00:00+08:00,0.9010831450417767
2022-12-01 00:00:00+08:00,0.9051233942337582
2022-12-02 00:00:00+08:00,0.902455584379574
2022-12-05 00:00:00+08:00,0.9183737166278565
2022-12-06 00:00:00+08:00,0.9185795825285261
2022-12-07 00:00:00+08:00,0.9148881674856276
2022-12-08 00:00:00+08:00,0.9142390860531332
2022-12-09 00:00:00+08:00,0.9169840345374429
2022-12-12 00:00:00+08:00,0.9090035720421402
2022-12-13 00:00:00+08:00,0.9082286953051335
2022-12-14 00:00:00+08:00,0.908285868642756
2022-12-15 00:00:00+08:00,0.9060326527472278
2022-12-16 00:00:00+08:00,0.9058061932756197
2022-12-19 00:00:00+08:00,0.8884390415291348
2022-12-20 00:00:00+08:00,0.87890303143647
2022-12-21 00:00:00+08:00,0.8773703810976429
2022-12-22 00:00:00+08:00,0.8733729944566994
2022-12-23 00:00:00+08:00,0.8709242443503283
2022-12-26 00:00:00+08:00,0.8765563416714957
2022-12-27 00:00:00+08:00,0.8851364610290405
2022-12-28 00:00:00+08:00,0.8828003123800381
2022-12-29 00:00:00+08:00,0.8788829963352519
2022-12-30 00:00:00+08:00,0.8833321849799708
2023-01-03 00:00:00+08:00,0.8911239545185052
2023-01-04 00:00:00+08:00,0.8931283721536107
2023-01-05 00:00:00+08:00,0.902192545141282
2023-01-06 00:00:00+08:00,0.9028844891248144
2023-01-09 00:00:00+08:00,0.9081572111809268
2023-01-10 00:00:00+08:00,0.9062785888503335
2023-01-11 00:00:00+08:00,0.9040854782584596
2023-01-12 00:00:00+08:00,0.9045457969254707
2023-01-13 00:00:00+08:00,0.9136557644302118
2023-01-16 00:00:00+08:00,0.9228863613945519
2023-01-17 00:00:00+08:00,0.9219278877369753
2023-01-18 00:00:00+08:00,0.9219764746026471
2023-01-19 00:00:00+08:00,0.926514320315474
2023-01-20 00:00:00+08:00,0.9335283509596849
2023-01-30 00:00:00+08:00,0.934817927352723
2023-01-31 00:00:00+08:00,0.9309148522858061
2023-02-01 00:00:00+08:00,0.9392784948179944
2023-02-02 00:00:00+08:00,0.9394929471906146
2023-02-03 00:00:00+08:00,0.9331279979788981
2023-02-06 00:00:00+08:00,0.9260625183116986
2023-02-07 00:00:00+08:00,0.9287475011097841
2023-02-08 00:00:00+08:00,0.9241782414751866
2023-02-09 00:00:00+08:00,0.9351209669847361
2023-02-10 00:00:00+08:00,0.9323445347699408
2023-02-13 00:00:00+08:00,0.9390611802880573
2023-02-14 00:00:00+08:00,0.9416689546473023
2023-02-15 00:00:00+08:00,0.9380118156834912
2023-02-16 00:00:00+08:00,0.9290162646627098
2023-02-17 00:00:00+08:00,0.9218649900847191
2023-02-20 00:00:00+08:00,0.9408283181007226
2023-02-21 00:00:00+08:00,0.9454547510729425
2023-02-22 00:00:00+08:00,0.941059873608529
2023-02-23 00:00:00+08:00,0.940010509003963
2023-02-24 00:00:00+08:00,0.9342002598419992
2023-02-27 00:00:00+08:00,0.9315896931341523
2023-02-28 00:00:00+08:00,0.9377602250744667
2023-03-01 00:00:00+08:00,0.9471217831882325
2023-03-02 00:00:00+08:00,0.9466356352966546
2023-03-03 00:00:00+08:00,0.9517081459580161
2023-03-06 00:00:00+08:00,0.9498896289310771
2023-03-07 00:00:00+08:00,0.939330013649698
2023-03-08 00:00:00+08:00,0.9388010032070822
2023-03-09 00:00:00+08:00,0.9367537230209386
2023-03-10 00:00:00+08:00,0.9235977820095821
2023-03-13 00:00:00+08:00,0.934640613216507
2023-03-14 00:00:00+08:00,0.9279525892715593
2023-03-15 00:00:00+08:00,0.9330994462144444
2023-03-16 00:00:00+08:00,0.9226855915300807
2023-03-17 00:00:00+08:00,0.9294508937225839
2023-03-20 00:00:00+08:00,0.9249788078193301
2023-03-21 00:00:00+08:00,0.9309091279711723
2023-03-22 00:00:00+08:00,0.9337971145126106
2023-03-23 00:00:00+08:00,0.9397731593728078
2023-03-24 00:00:00+08:00,0.9337684929394419
2023-03-27 00:00:00+08:00,0.9296938978596578
2023-03-28 00:00:00+08:00,0.9279725545640624
2023-03-29 00:00:00+08:00,0.9264514226632178
2023-03-30 00:00:00+08:00,0.9325104002768893
2023-03-31 00:00:00+08:00,0.9358301537208847
2023-04-03 00:00:00+08:00,0.9425610402168706
2023-04-04 00:00:00+08:00,0.9471818186831716
2023-04-06 00:00:00+08:00,0.9472017839756748
2023-04-07 00:00:00+08:00,0.9514965557427127
2023-04-10 00:00:00+08:00,0.9479824548360302
2023-04-11 00:00:00+08:00,0.9474706173373155
2023-04-12 00:00:00+08:00,0.9513621739662499
2023-04-13 00:00:00+08:00,0.948840264326511
2023-04-14 00:00:00+08:00,0.9544988889593957
2023-04-17 00:00:00+08:00,0.9680694937381233
2023-04-18 00:00:00+08:00,0.9702769151165817
2023-04-19 00:00:00+08:00,0.9636431325432243
2023-04-20 00:00:00+08:00,0.9627567712882898
2023-04-21 00:00:00+08:00,0.9439507223072842
2023-04-24 00:00:00+08:00,0.9365592359408215
2023-04-25 00:00:00+08:00,0.933545523903586
2023-04-26 00:00:00+08:00,0.9333253472163321
2023-04-27 00:00:00+08:00,0.9395529826855539
2023-04-28 00:00:00+08:00,0.9502441873947939
2023-05-04 00:00:00+08:00,0.9580187839894271
2023-05-05 00:00:00+08:00,0.9534552486694633
2023-05-08 00:00:00+08:00,0.9707544067274938
2023-05-09 00:00:00+08:00,0.9600803749621549
2023-05-10 00:00:00+08:00,0.9490660955196837
2023-05-11 00:00:00+08:00,0.946321147035374
2023-05-12 00:00:00+08:00,0.9356871854724713
2023-05-15 00:00:00+08:00,0.9466613947125064
2023-05-16 00:00:00+08:00,0.9410141489001742
2023-05-17 00:00:00+08:00,0.9390812153892754
2023-05-18 00:00:00+08:00,0.9428241492638776
2023-05-19 00:00:00+08:00,0.9388839359605564
2023-05-22 00:00:00+08:00,0.9425810753180887
2023-05-23 00:00:00+08:00,0.9282184906671682
2023-05-24 00:00:00+08:00,0.9163549882061667
2023-05-25 00:00:00+08:00,0.9153570726245892
2023-05-26 00:00:00+08:00,0.9185709960565756
2023-05-29 00:00:00+08:00,0.9211301137414337
2023-05-30 00:00:00+08:00,0.9219193012650246
2023-05-31 00:00:00+08:00,0.9163006770258612
2023-06-01 00:00:00+08:00,0.9163206423183642
2023-06-02 00:00:00+08:00,0.9235949198522652
2023-06-05 00:00:00+08:00,0.9242725530492133
2023-06-06 00:00:00+08:00,0.9136643509021625
2023-06-07 00:00:00+08:00,0.9143562948856948
2023-06-08 00:00:00+08:00,0.9188826919692543
2023-06-09 00:00:00+08:00,0.9239780300804357
2023-06-12 00:00:00+08:00,0.9232403613885484
2023-06-13 00:00:00+08:00,0.9246242493556132
2023-06-14 00:00:00+08:00,0.9232860860969033
2023-06-15 00:00:00+08:00,0.9301456998634332
2023-06-16 00:00:00+08:00,0.9359645354973477
2023-06-19 00:00:00+08:00,0.9309549224882423
2023-06-20 00:00:00+08:00,0.926537217574009
2023-06-21 00:00:00+08:00,0.914396295279416
2023-06-26 00:00:00+08:00,0.900877279141107
2023-06-27 00:00:00+08:00,0.9119772836856544
2023-06-28 00:00:00+08:00,0.9119601107417532
2023-06-29 00:00:00+08:00,0.9099585552639645
2023-06-30 00:00:00+08:00,0.9155858357837937
2023-07-03 00:00:00+08:00,0.9275722713919906
2023-07-04 00:00:00+08:00,0.9279640379008268
2023-07-05 00:00:00+08:00,0.9215590184866741
2023-07-06 00:00:00+08:00,0.9165894756800049
2023-07-07 00:00:00+08:00,0.9140274958378299
2023-07-10 00:00:00+08:00,0.9160547409227553
2023-07-11 00:00:00+08:00,0.9211072862916138
2023-07-12 00:00:00+08:00,0.9138901820953351
2023-07-13 00:00:00+08:00,0.9254277476657885
2023-07-14 00:00:00+08:00,0.9257765818148717
2023-07-17 00:00:00+08:00,0.917750324802499
2023-07-18 00:00:00+08:00,0.914373467829596
2023-07-19 00:00:00+08:00,0.9146651286410568
2023-07-20 00:00:00+08:00,0.9062814510076505
2023-07-21 00:00:00+08:00,0.9057753378235694
2023-07-24 00:00:00+08:00,0.9047488006688233
2023-07-25 00:00:00+08:00,0.9240095138109213
2023-07-26 00:00:00+08:00,0.9215819157452091
2023-07-27 00:00:00+08:00,0.919763328909555
2023-07-28 00:00:00+08:00,0.9367079285038687
2023-07-31 00:00:00+08:00,0.9410284596867585
2023-08-01 00:00:00+08:00,0.9410024210360465
2023-08-02 00:00:00+08:00,0.9326361955814015
2023-08-03 00:00:00+08:00,0.9380040669161211
2023-08-04 00:00:00+08:00,0.9401832157649859
2023-08-07 00:00:00+08:00,0.9346781004964866
2023-08-08 00:00:00+08:00,0.9323302937920716
2023-08-09 00:00:00+08:00,0.927718101797721
2023-08-10 00:00:00+08:00,0.9305975018672086
2023-08-11 00:00:00+08:00,0.9119229725053489
2023-08-14 00:00:00+08:00,0.9088291200632411
2023-08-15 00:00:00+08:00,0.9081857629453804
2023-08-16 00:00:00+08:00,0.9007371032412954
2023-08-17 00:00:00+08:00,0.9046287296789448
2023-08-18 00:00:00+08:00,0.8955387972754217
2023-08-21 00:00:00+08:00,0.8843958603711213
2023-08-22 00:00:00+08:00,0.8922162514828244
2023-08-23 00:00:00+08:00,0.8802268839085955
2023-08-24 00:00:00+08:00,0.8813249051875485
2023-08-25 00:00:00+08:00,0.8761294613789916
2023-08-28 00:00:00+08:00,0.8860142358120244
2023-08-29 00:00:00+08:00,0.8966653703188283
2023-08-30 00:00:00+08:00,0.8970227909398619
2023-08-31 00:00:00+08:00,0.8920875242122802
2023-09-01 00:00:00+08:00,0.8959105286830398
2023-09-04 00:00:00+08:00,0.9084374233631201
2023-09-05 00:00:00+08:00,0.9019495410042081
2023-09-06 00:00:00+08:00,0.9030103542380418
2023-09-07 00:00:00+08:00,0.892793848791112
2023-09-08 00:00:00+08:00,0.8911839900134445
2023-09-11 00:00:00+08:00,0.8986355118748464
2023-09-12 00:00:00+08:00,0.8969999634900421
2023-09-13 00:00:00+08:00,0.8929997146917816
2023-09-14 00:00:00+08:00,0.8939947681160422
2023-09-15 00:00:00+08:00,0.8914756508249052
2023-09-18 00:00:00+08:00,0.8938174539798263
2023-09-19 00:00:00+08:00,0.8935401039549499
2023-09-20 00:00:00+08:00,0.8888530770180705
2023-09-21 00:00:00+08:00,0.8820285770352085
2023-09-22 00:00:00+08:00,0.8956765996789218
2023-09-25 00:00:00+08:00,0.8908657320815514
2023-09-26 00:00:00+08:00,0.8870530593006186
2023-09-27 00:00:00+08:00,0.8884950281186014
2023-09-28 00:00:00+08:00,0.889398352891292
2023-10-09 00:00:00+08:00,0.8855230616929632
2023-10-10 00:00:00+08:00,0.8793233497097598
2023-10-11 00:00:00+08:00,0.8803859081614696
2023-10-12 00:00:00+08:00,0.8886622897998507
2023-10-13 00:00:00+08:00,0.883000523774789
2023-10-16 00:00:00+08:00,0.8789153177703181
2023-10-17 00:00:00+08:00,0.881685187965899
2023-10-18 00:00:00+08:00,0.8745968110401645
2023-10-19 00:00:00+08:00,0.8593515649962069
2023-10-20 00:00:00+08:00,0.8529657429786918
2023-10-23 00:00:00+08:00,0.8404505761627392
2023-10-24 00:00:00+08:00,0.8470136425077552
2023-10-25 00:00:00+08:00,0.8504077422332743
2023-10-26 00:00:00+08:00,0.8544637681948563
2023-10-27 00:00:00+08:00,0.8628945667109185
2023-10-30 00:00:00+08:00,0.863972273653793
2023-10-31 00:00:00+08:00,0.8631768033458479
2023-11-01 00:00:00+08:00,0.864408019653108
2023-11-02 00:00:00+08:00,0.8604990108454121
2023-11-03 00:00:00+08:00,0.8666157900751414
2023-11-06 00:00:00+08:00,0.8745112953642336
2023-11-07 00:00:00+08:00,0.8741850792388253
2023-11-08 00:00:00+08:00,0.8727848560324398
2023-11-09 00:00:00+08:00,0.8730439161739743
2023-11-10 00:00:00+08:00,0.8689524273851491
2023-11-13 00:00:00+08:00,0.871114961759833
2023-11-14 00:00:00+08:00,0.873841969404376
2023-11-15 00:00:00+08:00,0.8786356640578452
2023-11-16 00:00:00+08:00,0.8723710997783644
2023-11-17 00:00:00+08:00,0.8733558913215131
2023-11-20 00:00:00+08:00,0.877344412255646
2023-11-21 00:00:00+08:00,0.8772340446771588
2023-11-22 00:00:00+08:00,0.8702794910581668
2023-11-23 00:00:00+08:00,0.8754963661422427
2023-11-24 00:00:00+08:00,0.8695248588485234
2023-11-27 00:00:00+08:00,0.86687366346852
2023-11-28 00:00:00+08:00,0.8688323563952707
2023-11-29 00:00:00+08:00,0.8640105986383531
2023-11-30 00:00:00+08:00,0.866294111516211
2023-12-01 00:00:00+08:00,0.8668553735851781
2023-12-04 00:00:00+08:00,0.8643614572401724
2023-12-05 00:00:00+08:00,0.8498878767323295
2023-12-06 00:00:00+08:00,0.8489263314912908
2023-12-07 00:00:00+08:00,0.848146568144231
2023-12-08 00:00:00+08:00,0.8491053210366678
2023-12-11 00:00:00+08:00,0.8553615780790582
2023-12-12 00:00:00+08:00,0.8587925368061214
2023-12-13 00:00:00+08:00,0.8488771163471835
2023-12-14 00:00:00+08:00,0.8460821150141862
2023-12-15 00:00:00+08:00,0.8413844073439047
2023-12-18 00:00:00+08:00,0.8380226988621668
2023-12-19 00:00:00+08:00,0.8384776422581193
2023-12-20 00:00:00+08:00,0.8298191975222933
2023-12-21 00:00:00+08:00,0.8345671674674076
2023-12-22 00:00:00+08:00,0.833440524615286
2023-12-25 00:00:00+08:00,0.8345951607621408
2023-12-26 00:00:00+08:00,0.8288955584135244
2023-12-27 00:00:00+08:00,0.8333945206720709
2023-12-28 00:00:00+08:00,0.8448577399610007
2023-12-29 00:00:00+08:00,0.8506425089419728
2024-01-02 00:00:00+08:00,0.8470227874494262
2024-01-03 00:00:00+08:00,0.8484442325051855
2024-01-04 00:00:00+08:00,0.8447562380893243
2024-01-05 00:00:00+08:00,0.837559448229124
2024-01-08 00:00:00+08:00,0.8256525247473641
2024-01-09 00:00:00+08:00,0.8272857694445719
2024-01-10 00:00:00+08:00,0.8228400014268902
2024-01-11 00:00:00+08:00,0.825398560642028
2024-01-12 00:00:00+08:00,0.8240624218360544
2024-01-15 00:00:00+08:00,0.8252956625960507
2024-01-16 00:00:00+08:00,0.827497080425015
2024-01-17 00:00:00+08:00,0.8102339436639481
2024-01-18 00:00:00+08:00,0.8137123723172424
2024-01-19 00:00:00+08:00,0.8098519503752184
2024-01-22 00:00:00+08:00,0.7881382287951316
2024-01-23 00:00:00+08:00,0.7923231914534028
2024-01-24 00:00:00+08:00,0.8065616562089721
2024-01-25 00:00:00+08:00,0.8309625944660258
2024-01-26 00:00:00+08:00,0.8321389411232599
2024-01-29 00:00:00+08:00,0.8244578882067879
2024-01-30 00:00:00+08:00,0.8093510030360508
2024-01-31 00:00:00+08:00,0.7973476737188129
2024-02-01 00:00:00+08:00,0.7922556864259537
2024-02-02 00:00:00+08:00,0.7806501271670457
2024-02-05 00:00:00+08:00,0.7726533294324224
2024-02-06 00:00:00+08:00,0.7976158788020182
2024-02-07 00:00:00+08:00,0.8091133741700355
2024-02-08 00:00:00+08:00,0.8194662858461643
2024-02-19 00:00:00+08:00,0.832230739583545
2024-02-20 00:00:00+08:00,0.8357151717863331
2024-02-21 00:00:00+08:00,0.84378603656762
2024-02-22 00:00:00+08:00,0.8544805920951822
2024-02-23 00:00:00+08:00,0.8592051761207562
2024-02-26 00:00:00+08:00,0.851239233838183
2024-02-27 00:00:00+08:00,0.8622360611018929
2024-02-28 00:00:00+08:00,0.8457578535327992
2024-02-29 00:00:00+08:00,0.8621474040337849
2024-03-01 00:00:00+08:00,0.8655355002098101
2024-03-04 00:00:00+08:00,0.8690484841770519
2024-03-05 00:00:00+08:00,0.8714752445381836
2024-03-06 00:00:00+08:00,0.8692271944875688
2024-03-07 00:00:00+08:00,0.8656444018052813
2024-03-08 00:00:00+08:00,0.870968014414662
2024-03-11 00:00:00+08:00,0.8773832957099263
2024-03-12 00:00:00+08:00,0.8738033651849557
2024-03-13 00:00:00+08:00,0.8703435056498636
2024-03-14 00:00:00+08:00,0.8687419541092866
2024-03-15 00:00:00+08:00,0.8734319130121979
2024-03-18 00:00:00+08:00,0.8820929406704806
2024-03-19 00:00:00+08:00,0.8757537508746159
2024-03-20 00:00:00+08:00,0.880594636219456
2024-03-21 00:00:00+08:00,0.87985892217159
2024-03-22 00:00:00+08:00,0.8715441457399337
2024-03-25 00:00:00+08:00,0.8653313097183016
2024-03-26 00:00:00+08:00,0.866811045051124
2024-03-27 00:00:00+08:00,0.855847656161921
2024-03-28 00:00:00+08:00,0.8608587351540423
2024-03-29 00:00:00+08:00,0.8695806360118449
2024-04-01 00:00:00+08:00,0.8799349438622747
2024-04-02 00:00:00+08:00,0.8792429998787422
2024-04-03 00:00:00+08:00,0.8776237169245436
2024-04-08 00:00:00+08:00,0.8712636543228802
2024-04-09 00:00:00+08:00,0.8716880215016427
2024-04-10 00:00:00+08:00,0.8656255534522189
2024-04-11 00:00:00+08:00,0.867601698557731
2024-04-12 00:00:00+08:00,0.8633778524451794
2024-04-15 00:00:00+08:00,0.8742159346908754
2024-04-16 00:00:00+08:00,0.859830522590135
2024-04-17 00:00:00+08:00,0.8782199531597483
2024-04-18 00:00:00+08:00,0.8790331548813151
2024-04-19 00:00:00+08:00,0.8764699882909842
2024-04-22 00:00:00+08:00,0.8705608201798007
2024-04-23 00:00:00+08:00,0.8640938106266874
2024-04-24 00:00:00+08:00,0.8706257422847932
2024-04-25 00:00:00+08:00,0.8729355032395083
2024-04-26 00:00:00+08:00,0.8831537539043142
2024-04-29 00:00:00+08:00,0.890132600956142
2024-04-30 00:00:00+08:00,0.8877827697989907
2024-05-06 00:00:00+08:00,0.8980464659372912
2024-05-07 00:00:00+08:00,0.9000531872599933
2024-05-08 00:00:00+08:00,0.894546606008478
2024-05-09 00:00:00+08:00,0.9019352302176238
2024-05-10 00:00:00+08:00,0.9020001523226162
2024-05-13 00:00:00+08:00,0.9001340955607312
2024-05-14 00:00:00+08:00,0.8994915761474511
2024-05-15 00:00:00+08:00,0.8920938768053494
2024-05-16 00:00:00+08:00,0.8928083690038415
2024-05-17 00:00:00+08:00,0.9018511107159938
2024-05-20 00:00:00+08:00,0.9067460978149942
